,City,Cloudiness,Country,Date,Humidity,Lat,Lng,Max Temp,Wind Speed
0,Port Alfred,0,ZA,1538764267,80,-33.59,26.89,68.09,13.33
1,Punta Arenas,75,CL,1538762400,53,-53.16,-70.91,51.8,20.8
2,Rikitea,88,PF,1538764271,100,-23.12,-134.97,71.87,14.23
3,Saskylakh,0,RU,1538764257,88,71.97,114.09,26.42,10.98
4,Khatanga,32,RU,1538764280,91,71.98,102.47,34.07,10.42
5,Hermanus,8,ZA,1538764282,54,-34.42,19.24,64.67,3.15
6,Husavik,92,CA,1538764284,100,50.56,-96.99,35.51,6.62
7,San Vicente,75,SV,1538761800,54,13.64,-88.78,84.2,10.29
8,Vao,0,EE,1538764290,92,59.1,26.19,48.56,10.87
9,Tautira,20,PF,1538762400,65,-17.73,-149.15,78.8,3.36
10,Ouro Preto do Oeste,44,BR,1538764294,58,-10.75,-62.22,89.42,2.71
11,Albany,20,US,1538762040,42,42.65,-73.75,62.96,5.82
12,Ushuaia,75,AR,1538762400,61,-54.81,-68.31,48.2,14.99
13,Atuona,64,PF,1538764254,100,-9.8,-139.03,77.09,9.86
14,Fortuna,20,ES,1538762400,60,38.18,-1.13,73.4,4.7
15,Ende,0,ID,1538764305,100,-8.84,121.65,78.53,4.16
16,Davila,0,PH,1538764307,98,18.47,120.58,77.18,4.27
17,Butaritari,56,KI,1538764334,100,3.07,172.79,83.93,8.41
18,Kavaratti,92,IN,1538764311,100,10.57,72.64,80.24,2.15
19,Sawakin,0,SD,1538758800,55,19.1,37.33,89.6,4.7
20,Kavieng,20,PG,1538764242,100,-2.57,150.8,82.49,4.83
21,Cape Town,0,ZA,1538762400,88,-33.93,18.42,62.6,13.87
22,El Tigre,8,VE,1538764319,55,8.89,-64.25,90.41,11.1
23,Srednekolymsk,92,RU,1538764322,88,67.46,153.71,32.0,9.42
24,Dudinka,92,RU,1538764326,92,69.41,86.18,44.06,30.33
25,Astorga,0,ES,1538762400,30,42.46,-6.05,69.8,3.36
26,Skjervoy,75,NO,1538760000,86,70.03,20.97,30.2,9.17
27,Alofi,48,NU,1538764335,96,-19.06,-169.92,77.72,10.98
28,Tuktoyaktuk,75,CA,1538762400,85,69.44,-133.03,24.8,5.82
29,Tecoanapa,40,MX,1538761680,74,16.99,-99.26,87.8,8.05
30,Kapaa,1,US,1538762160,81,22.08,-159.32,82.04,6.93
31,Along,0,IN,1538764351,84,28.17,94.8,62.87,2.15
32,Sitka,48,US,1538764237,61,37.17,-99.65,82.31,13.67
33,Saint George,40,GR,1538761800,72,39.45,22.34,60.8,4.7
34,Cherskiy,88,RU,1538764360,92,68.75,161.3,33.62,8.19
35,Japura,56,ID,1538764362,91,-0.42,102.29,74.93,0.47
36,Hambantota,92,LK,1538764248,100,6.12,81.12,78.8,13.78
37,Hobart,20,AU,1538762400,87,-42.88,147.33,44.6,5.82
38,Luderitz,0,NA,1538764337,81,-26.65,15.16,59.63,2.71
39,Sexsmith,75,CA,1538762400,68,55.35,-118.78,30.2,4.7
40,Urdoma,12,RU,1538764374,85,61.74,48.55,35.24,6.06
41,Port Lincoln,92,AU,1538764319,99,-34.72,135.86,54.77,9.19
42,Yellowknife,75,CA,1538762400,62,62.45,-114.38,24.8,5.82
43,Akranes,20,IS,1538762400,55,64.32,-22.07,33.8,13.87
44,Uvat,56,RU,1538764383,63,59.14,68.9,58.82,8.97
45,Olga,40,US,1538762640,61,34.11,-118.17,75.92,6.93
46,Vaini,56,IN,1538764389,90,15.34,74.49,73.22,4.16
47,Sri Aman,56,MY,1538762400,100,1.24,111.46,73.4,2.04
48,Katsuura,80,JP,1538764394,96,33.93,134.5,74.39,12.33
49,Kununurra,0,AU,1538762400,69,-15.77,128.74,75.2,4.7
50,Kodiak,90,US,1538763600,100,39.95,-94.76,59.0,5.82
51,Georgetown,40,GY,1538762400,59,6.8,-58.16,91.4,13.87
52,Ostrovnoy,80,RU,1538764259,87,68.05,39.51,32.72,16.69
53,Portel,0,PT,1538762400,21,38.31,-7.71,82.4,11.41
54,Iranshahr,0,IR,1538762400,19,27.21,60.69,89.6,9.17
55,Hualmay,12,PE,1538764328,62,-11.1,-77.61,72.77,6.62
56,Nikolskoye,75,RU,1538762400,87,59.7,30.79,51.8,15.66
57,Freeport,20,BS,1538762400,62,26.54,-78.7,87.8,5.82
58,Cabo San Lucas,5,MX,1538761620,62,22.89,-109.91,91.4,3.36
59,Port Macquarie,75,AU,1538762760,100,-31.43,152.91,59.0,12.75
60,Pontal do Parana,90,BR,1538762400,72,-25.67,-48.51,66.2,5.82
61,Catalina,75,CO,1538762400,70,8.86,-75.38,87.8,4.61
62,Vulcana Bai,0,RO,1538764425,66,45.08,25.38,45.95,3.38
63,Nouadhibou,24,MR,1538762400,78,20.93,-17.03,73.4,17.22
64,Naze,76,NG,1538764432,99,5.43,7.07,72.5,3.94
65,Jiupu,0,CN,1538764434,81,41.07,122.95,45.23,2.59
66,Tiksi,0,RU,1538764436,90,71.64,128.87,14.54,3.27
67,Hami,0,CN,1538764262,45,42.84,93.51,41.27,5.06
68,Namibe,76,AO,1538764440,100,-15.19,12.15,67.82,9.75
69,Puerto Ayora,20,EC,1538762400,54,-0.74,-90.35,82.4,17.22
70,Mataura,0,NZ,1538764445,100,-46.19,168.86,36.95,3.27
71,Crotone,75,IT,1538762100,93,39.09,17.12,62.6,3.36
72,Mao,40,DO,1538762400,78,19.55,-71.08,86.0,16.11
73,Pittsburg,1,US,1538762280,56,38.02,-121.89,68.54,3.94
74,Le Port,24,FR,1538764453,49,42.87,1.37,56.84,0.92
75,Bluff,0,AU,1538764456,95,-23.58,149.07,59.81,5.39
76,Pran Buri,92,TH,1538764458,100,12.39,99.9,77.18,3.38
77,Abeche,24,TD,1538764462,65,13.83,20.83,79.43,3.15
78,Hermitage,90,US,1538763420,83,41.23,-80.45,66.2,4.7
79,Novoorsk,75,RU,1538762400,100,51.38,58.98,48.2,11.18
80,Ayagoz,0,KZ,1538764470,41,47.96,80.43,48.02,11.77
81,Ponta do Sol,56,BR,1538764472,63,-20.63,-46.0,83.75,5.06
82,Juneau,90,US,1538762160,96,58.3,-134.42,44.06,16.11
83,Saint-Francois,0,FR,1538762400,49,46.42,3.91,68.0,5.82
84,Ancud,0,CL,1538764478,65,-41.87,-73.83,63.23,1.36
85,Ciudad Bolivar,0,VE,1538764480,64,8.12,-63.55,90.77,9.75
86,Upernavik,0,GL,1538764483,100,72.79,-56.15,20.48,5.61
87,Noumea,0,NC,1538762400,93,-22.28,166.46,62.6,6.4
88,Caconda,92,AO,1538764487,28,-13.73,15.06,75.11,3.27
89,Barrow,64,AR,1538764489,46,-38.31,-60.23,64.67,4.5
90,Maroantsetra,20,MG,1538764492,100,-15.43,49.74,65.48,3.83
91,Strezhevoy,0,RU,1538762400,66,60.73,77.6,53.6,6.71
92,Codrington,92,AU,1538764235,100,-28.95,153.24,59.27,2.59
93,Pisco,40,PE,1538762400,30,-13.71,-76.2,71.6,11.41
94,Aloleng,8,PH,1538764500,100,16.13,119.78,76.28,7.18
95,Boaco,40,NI,1538762400,100,12.47,-85.66,75.2,6.93
96,Kedrovyy,0,RU,1538762400,91,56.17,91.82,35.6,4.16
97,Mangrol,0,IN,1538764509,70,25.33,76.51,72.05,2.71
98,Bredasdorp,32,ZA,1538762400,87,-34.53,20.04,59.0,2.24
99,Jamestown,92,AU,1538764234,75,-33.21,138.6,47.57,7.52
100,Great Yarmouth,0,GB,1538763600,93,52.61,1.73,57.2,4.7
101,Carnarvon,0,ZA,1538764518,20,-30.97,22.13,57.38,3.15
102,Terney,88,RU,1538764520,90,45.05,136.61,58.28,4.27
103,Hilo,90,US,1538762160,81,19.71,-155.08,73.94,3.36
104,Hearst,80,CA,1538764524,61,49.69,-83.67,39.47,4.27
105,New Norfolk,20,AU,1538762400,87,-42.78,147.06,44.6,5.82
106,Qaanaaq,0,GL,1538764530,100,77.48,-69.36,16.61,7.96
107,San Patricio,24,PY,1538764532,56,-26.98,-56.83,72.14,6.17
108,Sibolga,92,ID,1538764241,100,1.74,98.78,70.16,1.48
109,Lokachi,0,UA,1538764366,76,50.74,24.65,47.21,7.4
110,Olinda,90,EC,1538762400,69,-2.03,-79.75,77.0,2.24
111,Alice Springs,0,AU,1538762400,31,-23.7,133.88,60.8,5.82
112,Williston,90,US,1538763300,82,48.15,-103.62,37.94,11.41
113,Mar del Plata,0,AR,1538764545,34,-46.43,-67.52,68.99,8.97
114,Porto Novo,75,BR,1538762400,72,-23.68,-45.44,66.2,18.34
115,Durusu,0,TR,1538762400,31,37.53,40.83,77.0,11.41
116,Port Elizabeth,90,US,1538763120,83,39.31,-74.98,69.8,10.29
117,Leningradskiy,80,RU,1538764556,97,69.38,178.42,36.23,6.62
118,Tasiilaq,92,GL,1538764558,100,65.61,-37.64,33.8,14.67
119,ChengDe,8,CN,1538764560,70,40.97,117.93,47.57,7.63
120,Beringovskiy,92,RU,1538764562,99,63.05,179.32,45.59,22.73
121,Castro,0,CL,1538764564,63,-42.48,-73.76,61.52,3.38
122,Fort Nelson,90,CA,1538758800,68,58.81,-122.69,28.4,6.93
123,Thompson,40,CA,1538762400,43,55.74,-97.86,35.6,3.36
124,North Platte,40,US,1538763540,71,41.12,-100.77,55.94,4.05
125,Kishtwar,0,IN,1538764573,78,33.31,75.77,33.98,2.15
126,Garcia,40,ES,1538762400,83,41.14,0.65,69.8,3.36
127,Hasaki,75,JP,1538762400,100,35.73,140.83,66.2,3.36
128,Victoria,90,BN,1538762400,100,5.28,115.24,78.8,1.12
129,Avera,40,US,1538762100,42,33.19,-82.53,91.94,5.82
130,Puerto Penasco,0,MX,1538764584,97,31.32,-113.53,80.87,4.38
131,Samarai,0,PG,1538764586,100,-10.62,150.67,75.74,9.64
132,Norrtalje,0,SE,1538761800,66,59.76,18.7,51.8,11.41
133,Jawhar,44,IN,1538764593,90,19.91,73.23,74.48,2.48
134,Vostok,44,RU,1538764595,81,46.45,135.83,35.78,1.92
135,Broken Hill,32,AU,1538764598,88,-31.97,141.45,50.81,4.38
136,Tiznit,20,MA,1538764600,84,29.7,-9.73,74.48,3.83
137,Kidal,0,ML,1538764602,20,18.44,1.41,89.24,4.94
138,Napier,68,NZ,1538764606,100,-39.49,176.92,50.99,8.97
139,Iralaya,92,HN,1538764608,100,15.0,-83.23,75.56,11.65
140,Harper,75,US,1538763300,57,30.3,-99.24,84.92,9.17
141,Fare,36,PF,1538764613,100,-16.7,-151.02,77.72,12.44
142,Lebu,0,ET,1538764615,42,8.96,38.73,54.14,6.62
143,Port Hardy,90,CA,1538762400,81,50.7,-127.42,50.0,16.11
144,Portland,90,US,1538762160,86,45.52,-122.67,50.0,10.29
145,Omsukchan,88,RU,1538764621,79,62.53,155.8,24.71,13.11
146,Taltal,0,CL,1538764623,70,-25.41,-70.49,71.06,3.71
147,Chokurdakh,88,RU,1538764626,87,70.62,147.9,29.48,11.54
148,Muswellbrook,56,AU,1538764628,89,-32.27,150.89,53.87,8.97
149,Kraslava,88,LV,1538764630,96,55.9,27.16,53.24,18.03
150,Namatanai,56,PG,1538764632,100,-3.66,152.44,81.41,13.78
151,Ahipara,0,NZ,1538764634,100,-35.17,173.16,44.15,4.38
152,Lima,24,PE,1538764522,67,-12.06,-77.04,70.25,3.04
153,Erzin,0,TR,1538761800,42,36.95,36.2,82.4,16.11
154,North Bend,90,US,1538763300,92,43.41,-124.22,51.8,8.05
155,Busselton,56,AU,1538764645,100,-33.64,115.35,57.29,13.67
156,Muriwai Beach,8,NZ,1538762400,93,-36.82,174.45,53.6,6.93
157,Sioux Lookout,90,CA,1538762400,93,50.1,-91.92,37.4,5.82
158,Dikson,92,RU,1538764651,90,73.51,80.55,41.54,27.31
159,Puerto Escondido,75,MX,1538761500,62,15.86,-97.07,87.8,6.93
160,Marsa Matruh,0,EG,1538764656,76,31.35,27.25,73.94,7.63
161,Saint-Philippe,1,CA,1538762400,43,45.36,-73.48,50.0,4.7
162,Maumere,0,ID,1538764660,100,-8.63,122.22,79.34,2.15
163,Saint-Georges,0,CA,1538764425,51,46.12,-70.67,47.12,3.27
164,Reyes,75,BO,1538762400,57,-14.3,-67.34,80.6,4.7
165,Kasamwa,20,TZ,1538762400,78,-2.84,32.42,75.2,2.37
166,Esperance,20,TT,1538762400,74,10.24,-61.45,84.2,11.41
167,Hithadhoo,80,MV,1538764671,99,-0.6,73.08,83.84,24.52
168,Shaoyang,0,CN,1538764673,76,27.23,111.45,53.06,3.27
169,Jacksonville,40,US,1538763300,55,30.33,-81.66,87.98,5.82
170,Lake Cowichan,90,CA,1538762400,93,48.82,-124.05,48.2,2.24
171,Chuy,0,UY,1538764680,86,-33.69,-53.46,58.37,15.68
172,Idrinskoye,20,RU,1538764682,81,54.37,92.14,32.09,2.15
173,Nemuro,80,JP,1538764684,98,43.32,145.57,60.17,10.09
174,La Ronge,75,CA,1538762400,45,55.1,-105.3,44.6,14.99
175,Yeppoon,75,AU,1538762400,82,-23.13,150.74,66.2,3.36
176,Arraial do Cabo,75,BR,1538762400,73,-22.97,-42.02,73.4,6.93
177,Soyo,0,AO,1538764693,71,-6.13,12.37,78.8,6.85
178,Gagnoa,56,CI,1538764695,91,6.13,-5.95,77.18,4.94
179,Maradi,20,NE,1538762400,49,13.5,7.1,93.2,4.7
180,Beidao,48,CN,1538764699,88,34.57,105.89,42.17,2.82
181,Clyde River,75,CA,1538762400,86,70.47,-68.59,28.4,20.8
182,Borovskoy,48,KZ,1538764704,37,53.8,64.15,58.73,12.66
183,Manicore,8,BR,1538764459,33,-5.81,-61.3,99.59,3.15
184,Havoysund,75,NO,1538763600,86,71.0,24.66,35.6,2.24
185,Bethel,40,US,1538761980,92,60.79,-161.76,41.0,5.82
186,Karratha,0,AU,1538764712,40,-20.74,116.85,72.14,10.76
187,Del Rio,75,US,1538762160,74,29.36,-100.9,82.94,11.41
188,Praia,75,BR,1538762400,51,-20.25,-43.81,86.0,10.29
189,Fairbanks,1,US,1538762280,17,64.84,-147.72,37.94,3.36
190,Bichura,92,RU,1538764723,85,50.59,107.6,29.93,7.63
191,Bellevue,90,US,1538762520,82,47.61,-122.19,50.0,6.93
192,Ondarroa,0,ES,1538764200,72,43.32,-2.42,69.8,3.36
193,Souillac,0,FR,1538762400,46,45.6,-0.6,73.4,5.82
194,Jumla,0,NP,1538764731,80,29.28,82.18,30.29,2.48
195,Port Blair,92,IN,1538764684,98,11.67,92.75,85.19,2.48
196,Malgrat de Mar,20,ES,1538764200,82,41.65,2.74,69.8,4.7
197,Praia da Vitoria,40,PT,1538762400,77,38.73,-27.07,68.0,29.77
198,Shimoda,75,JP,1538763180,94,34.7,138.93,71.6,3.36
199,Nome,90,US,1538763300,57,30.04,-94.42,89.96,12.75
200,Angol,0,CL,1538762400,46,-37.8,-72.71,71.6,5.82
201,Mareeba,75,AU,1538762400,88,-16.99,145.42,68.0,2.71
202,Careiro da Varzea,40,BR,1538762400,47,-3.2,-59.81,96.8,8.05
203,Avarua,75,CK,1538762400,64,-21.21,-159.78,75.2,10.29
204,Broome,0,GB,1538763600,93,52.47,1.45,62.24,4.7
205,Shache,64,CN,1538764553,52,38.42,77.24,53.96,3.71
206,Belyy Yar,20,RU,1538762400,93,53.6,91.39,37.4,2.82
207,Apastovo,75,RU,1538762400,80,55.2,48.51,41.0,13.42
208,Talnakh,100,RU,1538764767,90,69.49,88.39,40.37,24.52
209,Manado,20,ID,1538762400,94,1.49,124.85,71.6,1.12
210,Longyearbyen,90,NO,1538761800,92,78.22,15.63,24.8,8.05
211,Kaitangata,0,NZ,1538764773,71,-46.28,169.85,36.59,5.17
212,East London,0,ZA,1538762400,77,-33.02,27.91,64.4,10.29
213,Deming,1,US,1538763300,26,32.27,-107.76,80.96,11.41
214,Norman Wells,90,CA,1538762400,79,65.28,-126.83,24.8,3.49
215,Hovd,0,NO,1538763600,70,63.83,10.7,46.4,9.17
216,Lockhart,44,AU,1538762400,70,-35.22,146.72,48.2,6.93
217,Dzerzhinskoye,36,RU,1538764787,87,56.84,95.22,33.62,2.37
218,Mahebourg,20,MU,1538762400,69,-20.41,57.7,73.4,3.36
219,Bambous Virieux,20,MU,1538762400,69,-20.34,57.76,73.4,3.36
220,Santa Lucia,40,IT,1538762100,82,39.93,9.66,64.4,3.36
221,Ritchie,0,ZA,1538762400,64,-29.03,24.6,71.6,2.93
222,Matagami,88,NG,1538764798,95,9.67,8.4,69.89,3.04
223,Savannah Bight,92,HN,1538764802,100,16.45,-85.85,77.45,10.42
224,Sinnamary,0,GF,1538764788,81,5.38,-52.96,85.82,9.75
225,Udachnyy,24,RU,1538764807,72,66.42,112.4,21.47,3.15
226,Mount Gambier,8,AU,1538764809,86,-37.83,140.78,46.22,3.38
227,Faanui,44,PF,1538764811,100,-16.48,-151.75,78.53,11.21
228,Kimbe,0,PG,1538764814,100,-5.56,150.15,77.72,9.75
229,Moose Factory,1,CA,1538762400,51,51.26,-80.61,39.2,9.17
230,Grindavik,40,IS,1538762400,64,63.84,-22.43,33.8,13.87
231,Narsaq,75,GL,1538761800,42,60.91,-46.05,46.4,23.04
232,Cap Malheureux,20,MU,1538762400,69,-19.98,57.61,73.4,3.36
233,Sarangani,8,PH,1538764825,99,5.4,125.46,83.12,6.06
234,Goryachegorsk,0,RU,1538764827,78,55.41,88.92,27.77,2.15
235,Peace River,90,CA,1538762400,68,56.23,-117.29,28.4,8.05
236,Kuching,75,MY,1538762400,94,1.56,110.34,78.8,1.12
237,San Quintin,75,PH,1538762400,88,17.54,120.52,75.2,2.24
238,Seymchan,92,RU,1538764836,88,62.93,152.39,27.86,13.56
239,Novichikha,0,RU,1538764838,77,52.2,81.39,35.87,2.82
240,Les Cayes,92,HT,1538764731,100,18.19,-73.75,74.39,8.19
241,La Romana,40,DO,1538762400,83,18.43,-68.97,84.2,4.7
242,Atbasar,8,KZ,1538764845,33,51.81,68.36,55.76,12.66
243,Rurrenabaque,40,BO,1538762400,69,-14.44,-67.53,80.6,5.82
244,Sicamous,90,CA,1538762400,86,50.84,-118.99,39.2,1.7
245,Santa Vitoria do Palmar,0,BR,1538764853,86,-33.52,-53.37,58.37,15.68
246,Gernsheim,0,DE,1538763600,67,49.75,8.49,61.7,5.61
247,Usinsk,92,RU,1538764857,100,66.0,57.56,37.76,5.39
248,Fenoarivo,20,MG,1538762400,82,-18.93,47.44,62.6,12.75
249,Los Llanos de Aridane,75,ES,1538764200,73,28.66,-17.92,75.2,4.7
250,Lompoc,1,US,1538762280,73,34.64,-120.46,71.06,13.87
251,Dong Xoai,56,VN,1538764868,96,11.53,106.92,73.04,2.37
252,Viedma,0,AR,1538764870,37,-40.81,-62.99,69.89,15.57
253,Nanortalik,92,GL,1538764874,94,60.14,-45.24,39.11,9.64
254,Valdosta,40,US,1538762160,49,30.83,-83.28,89.6,3.36
255,Sakaiminato,75,JP,1538762400,83,35.55,133.23,71.6,3.36
256,Beya,24,RU,1538764883,97,53.05,90.92,35.24,3.6
257,Imbituba,75,BR,1538762400,59,-28.24,-48.67,66.2,12.75
258,Lexington,20,US,1538762100,65,38.05,-84.5,86.0,12.75
259,Cotonou,40,BJ,1538762400,88,6.37,2.43,80.6,10.29
261,Airai,8,TL,1538764899,69,-8.93,125.41,60.17,1.7
262,Aklavik,75,CA,1538762400,79,68.22,-135.01,24.8,8.05
263,Tpig,20,RU,1538764903,60,41.78,47.59,30.74,1.14
264,Nago,20,IT,1538761800,63,45.88,10.89,66.2,2.24
265,Cockburn Town,88,TC,1538764686,100,21.46,-71.14,80.33,10.98
266,Uchiza,68,PE,1538764912,77,-8.46,-76.46,77.99,2.59
267,Poso,12,ID,1538764914,100,-1.4,120.75,76.64,4.16
268,Alta,75,NO,1538763600,100,69.97,23.27,35.6,3.36
269,Blantyre,0,MW,1538764918,63,-15.79,35.0,71.06,10.2
270,Bestobe,12,KZ,1538764920,36,52.5,73.1,54.14,10.98
271,Almeirim,0,PT,1538762400,26,39.21,-8.63,80.6,10.29
272,Flinders,90,AU,1538762400,87,-34.58,150.85,51.8,8.05
273,Sete Lagoas,40,BR,1538762400,45,-19.47,-44.25,84.2,11.41
274,Dzhebariki-Khaya,88,RU,1538764929,95,62.22,135.8,30.11,2.59
275,Florianopolis,75,BR,1538762400,59,-27.6,-48.55,66.2,12.75
276,Atasu,0,KZ,1538764933,40,48.68,71.64,44.69,5.73
277,Kruisfontein,20,ZA,1538764935,80,-34.0,24.73,65.93,10.98
278,Port-Gentil,75,GA,1538762400,88,-0.72,8.78,80.6,11.41
279,Hamilton,75,BM,1538762100,74,32.3,-64.78,78.8,13.87
280,Wonthaggi,0,AU,1538764942,95,-38.6,145.59,47.84,2.93
281,Torbay,40,CA,1538762400,77,47.66,-52.73,64.4,14.99
282,Kurmanayevka,92,RU,1538764948,93,52.51,52.07,45.59,13.0
283,Quepos,75,CR,1538762400,93,9.43,-84.16,68.0,6.93
284,Hirara,92,JP,1538764952,100,24.8,125.28,76.37,1.7
285,Xining,88,CN,1538764955,98,36.62,101.77,31.1,2.59
286,Qaqortoq,75,GL,1538761800,42,60.72,-46.03,46.4,23.04
287,Iqaluit,75,CA,1538762400,64,63.75,-68.52,35.6,20.8
288,Lisala,36,CD,1538764961,97,2.15,21.52,72.95,3.04
289,Chicama,90,PE,1538762400,82,-7.84,-79.15,68.0,10.29
290,San Juan,0,AR,1538764969,34,-31.54,-68.53,79.88,6.73
291,Teya,75,MX,1538761740,59,21.05,-89.07,89.6,6.93
292,Vrangel,92,RU,1538764974,100,42.73,133.08,58.91,1.81
293,Port-Cartier,75,CA,1538762400,39,50.03,-66.88,46.4,12.75
294,Cairns,75,AU,1538762400,88,-16.92,145.77,68.0,3.15
295,Yaan,32,NG,1538764980,96,7.38,8.57,75.11,3.04
296,Weligama,80,LK,1538764982,100,5.97,80.42,77.9,8.41
297,Agueda,0,PT,1538762400,82,40.58,-8.44,62.6,9.17
298,Yar-Sale,64,RU,1538764986,93,66.83,70.83,48.11,15.46
299,Muros,0,ES,1538764200,48,42.77,-9.06,62.6,4.7
300,Dhar,40,IN,1538762400,78,22.6,75.31,75.2,2.24
301,Isiro,76,CD,1538764993,99,2.77,27.62,67.46,2.37
302,Benguela,0,AO,1538764995,92,-12.58,13.4,71.24,5.73
303,Madiun,32,ID,1538764997,94,-7.63,111.52,68.63,3.04
304,Vagur,48,FO,1538765000,100,61.47,-6.81,47.12,19.26
305,Turayf,40,SA,1538762400,27,31.68,38.65,75.2,6.93
306,Miranda de Ebro,0,ES,1538764200,52,42.69,-2.95,68.0,1.12
307,Tignere,44,CM,1538765008,93,7.37,12.65,69.17,3.6
308,Saldanha,0,PT,1538765010,39,41.42,-6.55,67.82,4.5
309,Capreol,90,CA,1538762400,60,46.71,-80.92,41.0,12.75
310,Seoul,90,KR,1538764200,82,37.57,126.98,66.2,10.29
311,Vargashi,20,RU,1538765017,49,55.36,65.85,55.31,13.67
312,Klaksvik,56,FO,1538763600,100,62.23,-6.59,42.8,12.75
313,Shenjiamen,88,CN,1538765021,96,29.96,122.3,72.14,31.12
314,Kursenai,90,LT,1538763600,93,55.98,22.92,53.6,12.75
315,Neuquen,0,AR,1538762400,25,-38.95,-68.06,71.6,13.87
316,Andros Town,20,BS,1538762400,58,24.73,-77.79,86.0,12.75
317,Longhua,40,CN,1538762400,93,29.21,106.21,64.4,2.82
318,Mount Isa,0,AU,1538762400,34,-20.73,139.49,68.0,6.93
319,Pevek,64,RU,1538764825,100,69.7,170.27,35.69,5.61
320,Newport,75,GB,1538763600,100,51.59,-3.0,62.6,4.7
321,Yokadouma,12,CM,1538765040,82,3.52,15.05,75.92,3.38
322,Thongwa,20,MM,1538764200,94,16.76,96.52,80.6,2.24
323,Merced,1,US,1538761980,63,37.3,-120.48,69.98,9.17
324,Swan Hill,0,AU,1538764991,79,-35.34,143.56,51.71,5.17
325,Ust-Tsilma,0,RU,1538765053,93,65.44,52.15,29.57,2.71
326,Dossor,0,KZ,1538765055,57,47.52,52.98,50.0,13.67
327,Tuatapere,8,NZ,1538764771,100,-46.13,167.69,42.71,5.84
328,Troitsko-Pechorsk,88,RU,1538765059,92,62.71,56.19,43.16,4.72
329,Chongwe,0,ZM,1538765061,32,-15.33,28.68,74.66,8.86
330,Ishigaki,92,JP,1538765063,100,24.34,124.16,78.89,6.17
331,Pustoshka,92,RU,1538765066,95,56.34,29.37,52.16,18.59
332,Nisia Floresta,75,BR,1538762400,65,-6.09,-35.21,82.4,17.22
333,Idah,48,NG,1538765070,92,7.11,6.73,77.54,4.5
334,Khani,75,GE,1538762400,87,41.96,42.96,55.4,6.93
335,Severo-Kurilsk,0,RU,1538765074,92,50.68,156.12,46.13,16.24
336,Sao Filipe,0,CV,1538765077,88,14.9,-24.5,82.4,9.31
337,Misratah,0,LY,1538765079,81,32.38,15.09,77.99,6.85
338,Bambanglipuro,8,ID,1538764870,98,-7.95,110.28,68.54,1.92
339,Ribeira Grande,40,PT,1538762400,64,38.52,-28.7,69.8,12.75
340,Dapitan,90,PH,1538762400,83,10.27,123.95,80.6,2.24
341,Constitucion,5,MX,1538761500,40,23.99,-104.67,71.6,5.82
342,Sabang,64,PH,1538765092,100,13.72,123.58,77.54,3.71
343,Ewa Beach,1,US,1538762220,76,21.32,-158.01,80.96,3.36
344,Lokosovo,32,RU,1538765099,66,61.13,74.84,53.51,9.98
345,Vestmannaeyjar,0,IS,1538761500,59,63.44,-20.27,37.4,25.28
346,Burriana,0,ES,1538764200,69,39.89,-0.08,73.4,6.93
347,Pauini,44,BR,1538765105,91,-7.71,-67.0,81.59,3.71
348,Porto Velho,32,BR,1538765108,81,-8.75,-63.87,84.92,3.15
349,Faya,0,SA,1538762400,19,18.39,42.45,71.6,11.41
350,Ilulissat,20,GL,1538761800,39,69.22,-51.1,28.4,6.93
351,Matadi,24,CD,1538765114,60,-5.83,13.46,83.84,8.75
352,Vardo,90,US,1538763300,61,39.62,-77.74,68.0,5.82
353,Coihaique,0,CL,1538762400,36,-45.58,-72.07,60.8,2.24
354,Kroya,12,ID,1538765121,91,-6.5,108.06,71.51,3.15
355,Vila Velha,40,BR,1538762400,62,-3.71,-38.6,84.2,17.22
356,Chhata,0,IN,1538765125,57,27.72,77.5,73.49,6.06
357,Half Moon Bay,75,US,1538762160,65,37.46,-122.43,68.0,3.36
358,Port Hedland,0,AU,1538764200,73,-20.31,118.58,73.4,10.29
359,Riyadh,0,SA,1538762400,12,24.63,46.72,86.0,7.85
360,Jablah,0,SY,1538762400,78,35.36,35.93,75.2,4.7
361,Podgornoye,64,RU,1538765136,58,57.79,82.64,53.06,6.51
362,Ous,68,RU,1538765138,91,60.91,61.52,40.28,2.48
363,Aksaray,0,TR,1538761800,50,38.37,34.03,55.4,21.92
364,Mercedes,0,UY,1538765143,58,-33.25,-58.03,68.54,6.17
365,Sapa,20,PH,1538762400,100,14.32,120.76,78.8,4.61
366,Tual,0,ID,1538765149,98,-5.67,132.75,80.33,5.73
367,Provideniya,92,RU,1538765151,97,64.42,-173.23,46.49,19.15
368,Lagoa,0,PT,1538764200,69,37.14,-8.45,73.4,5.82
369,Kamaishi,92,JP,1538765156,96,39.28,141.86,62.33,1.92
370,Banda Aceh,92,ID,1538765158,100,5.56,95.32,72.77,2.26
371,Gigmoto,56,PH,1538765161,100,13.78,124.39,77.27,4.38
372,Oranjemund,0,ZA,1538765163,92,-28.55,16.43,58.19,7.52
373,Muisne,0,EC,1538765165,68,0.61,-80.02,85.64,5.61
374,Mahibadhoo,92,MV,1538765168,100,3.78,72.97,81.59,26.42
375,Trojas,40,AL,1538763600,82,40.99,19.9,68.0,6.93
376,Oktyabrskiy,0,RU,1538762400,69,55.61,37.97,41.0,6.71
377,Palmer,90,US,1538764260,76,61.6,-149.11,48.92,5.82
378,Tottori,44,JP,1538765181,89,35.5,134.23,72.95,10.42
379,Shetpe,44,KZ,1538765183,62,44.14,52.16,52.52,8.97
380,Komsomolskiy,92,RU,1538765185,98,67.55,63.78,39.47,8.41
381,Carutapera,0,BR,1538765188,65,-1.2,-46.02,86.99,13.0
382,Ferrol,0,ES,1538764200,77,43.48,-8.23,62.6,3.36
383,Isangel,12,VU,1538765192,100,-19.55,169.27,72.77,5.95
384,Bilibino,68,RU,1538765194,97,68.06,166.44,31.19,2.26
385,Batagay-Alyta,88,RU,1538765198,91,67.8,130.41,20.93,2.82
386,Madras,20,US,1538763300,52,44.63,-121.13,46.94,13.87
387,Rovaniemi,0,FI,1538763600,92,66.5,25.72,32.0,10.29
388,Juayua,20,SV,1538761800,54,13.84,-89.75,87.8,5.82
389,Sovetskiy,56,RU,1538765214,73,56.76,48.47,37.94,12.1
390,Polyarnyy,75,RU,1538762400,87,69.2,33.45,32.0,2.24
391,Hwange,0,ZW,1538765218,25,-18.35,26.5,77.36,8.75
392,Kencong,8,ID,1538765220,87,-7.78,112.24,66.74,4.16
393,Pombas,0,BR,1538765222,54,-15.9,-54.74,93.11,4.38
394,Bilma,0,NE,1538765289,14,18.69,12.92,89.87,6.85
395,Tocopilla,88,CL,1538765227,86,-22.09,-70.2,66.29,5.73
396,Phalaborwa,0,ZA,1538762400,28,-23.95,31.14,68.0,6.93
397,Rivera,64,UY,1538765231,71,-30.9,-55.54,65.3,6.62
398,Kushima,88,JP,1538765234,100,31.5,131.29,75.02,19.48
399,Alyangula,0,AU,1538765236,100,-13.85,136.42,76.28,5.95
400,Mokhsogollokh,44,RU,1538765238,90,61.4,128.95,30.38,3.04
401,Inhambane,20,MZ,1538762400,64,-23.87,35.38,69.8,6.93
402,Labuhan,36,ID,1538765247,93,-2.54,115.51,74.12,2.15
403,Cidreira,0,BR,1538765250,74,-30.17,-50.22,65.75,9.64
404,Shubarkuduk,64,KZ,1538765252,88,49.15,56.49,45.5,14.23
405,Loiza,75,PR,1538762160,84,18.43,-65.88,80.96,4.7
406,Kupang,0,ID,1538765261,99,-10.16,123.6,76.73,10.98
407,Mongu,32,ZM,1538765263,17,-15.27,23.14,81.86,9.98
408,Padang,76,ID,1538765265,100,-0.92,100.36,79.97,4.61
409,Sechura,0,PE,1538765269,93,-5.56,-80.82,70.52,9.08
410,Coahuayana,8,MX,1538765271,80,18.62,-100.35,75.83,3.15
411,Jamame,80,SO,1538765276,74,0.07,42.75,79.43,11.32
412,Tricase,75,IT,1538762100,82,39.93,18.36,64.4,10.29
413,Solnechnyy,0,RU,1538765280,86,50.72,136.64,40.19,2.37
414,Xacmaz,68,AZ,1538765282,91,41.46,48.81,45.95,2.93
415,Manokwari,48,ID,1538765284,100,-0.87,134.08,81.32,7.18
416,Whithorn,75,JM,1538763300,94,18.26,-78.04,75.2,8.05
417,Ryotsu,8,JP,1538765289,94,38.08,138.43,72.14,3.71
418,Manzil Salim,20,TN,1538762400,59,35.86,8.48,62.6,4.7
419,Rakiv Lis,0,UA,1538765293,73,51.62,24.92,50.36,9.53
420,Aksarka,80,RU,1538765192,99,66.56,67.8,43.52,9.98
421,Orthez,0,FR,1538764200,49,43.49,-0.77,73.4,1.12
422,Nuuk,90,GL,1538761800,86,64.17,-51.74,39.2,4.7
423,Victor Harbor,0,AU,1538764200,87,-35.55,138.62,48.2,2.24
424,Jalu,88,LY,1538765309,26,29.03,21.55,87.44,4.72
425,Peniche,0,PT,1538764200,29,39.36,-9.38,78.8,12.75
426,Pahrump,1,US,1538762280,31,36.21,-115.98,75.92,4.7
427,Caravelas,0,BR,1538765315,100,-17.73,-39.27,77.72,12.33
428,Killybegs,88,IE,1538765318,97,54.63,-8.45,49.46,10.31
429,Caiaponia,32,BR,1538765320,90,-16.96,-51.81,86.72,8.75
430,Sumbe,0,AO,1538765322,93,-11.2,13.84,72.77,7.52
431,Elko,1,US,1538762160,58,40.83,-115.76,50.0,4.7
432,Mahon,75,IE,1538764200,70,51.89,-8.4,48.2,8.05
433,Presidencia Roque Saenz Pena,8,AR,1538765329,60,-26.79,-60.44,76.64,13.33
434,Tarko-Sale,56,RU,1538765331,74,64.92,77.78,50.36,15.12
435,Beloha,0,MG,1538765333,77,-25.17,45.06,70.16,6.29
436,Bathsheba,20,BB,1538762400,66,13.22,-59.52,87.8,17.22
437,Basoko,8,CD,1538765341,99,1.23,23.61,71.51,2.71
438,Ayan,0,TR,1538765344,82,40.67,33.6,40.46,2.71
439,Nyurba,0,RU,1538765348,85,63.29,118.35,23.09,2.71
440,Darnah,92,LY,1538765350,99,32.77,22.64,76.73,10.98
441,Puerto Colombia,40,CO,1538762400,66,10.99,-74.96,89.6,13.87
442,Moyale,56,ET,1538765354,71,3.52,39.05,72.14,4.16
443,Plettenberg Bay,0,ZA,1538765356,93,-34.05,23.37,65.03,9.19
444,Tres Arroyos,64,AR,1538765361,46,-38.38,-60.28,64.67,4.5
445,Ketchikan,40,US,1538762160,74,55.34,-131.65,53.06,5.82
446,Adrar,0,DZ,1538762400,17,27.87,-0.29,86.0,9.17
447,Paraiso,5,MX,1538761500,40,24.01,-104.61,71.6,5.82
448,Eureka,1,US,1538764500,72,40.8,-124.16,59.0,1.36
449,Calvinia,12,ZA,1538765374,24,-31.47,19.78,62.42,2.48
450,Okha,0,RU,1538765376,90,53.59,142.95,39.47,7.74
451,Poum,20,MK,1538762400,76,41.28,20.71,55.4,2.24
452,Kuala Terengganu,75,MY,1538762400,88,5.33,103.14,78.8,3.36
453,Reo,76,BF,1538765383,55,12.32,-2.47,87.53,4.61
454,Hofn,20,IS,1538762400,59,64.25,-15.21,33.8,25.28
455,Hervey Bay,76,AU,1538765387,97,-25.3,152.85,68.99,5.06
456,Santa Cruz de la Palma,75,ES,1538764200,73,28.68,-17.76,75.2,4.7
457,Aguie,0,NE,1538765391,41,13.51,7.78,87.17,5.95
458,Besao,36,PH,1538765393,88,17.1,120.86,66.11,2.71
459,Kieta,64,PG,1538765396,100,-6.22,155.63,77.45,4.72
460,Srikakulam,32,IN,1538765398,100,18.29,83.89,85.73,5.39
461,Dalvik,75,SE,1538763600,100,57.79,14.13,50.0,5.82
462,San Cristobal,75,EC,1538762400,63,-0.39,-78.55,60.8,17.22
463,Haines Junction,88,CA,1538765405,92,60.75,-137.51,29.12,2.71
464,Miandrivazo,0,MG,1538765407,46,-19.53,45.46,72.77,6.73
465,Mananjary,0,MG,1538765409,58,-19.16,46.8,62.78,5.95
466,Vuktyl,64,RU,1538765411,93,63.86,57.31,42.35,4.38
467,Tashla,40,RU,1538762400,80,53.71,49.75,41.0,11.18
468,Kahului,40,US,1538762160,74,20.89,-156.47,80.06,6.93
469,Owando,24,CG,1538765422,77,-0.49,15.91,79.7,3.15
470,Puerto Suarez,20,BO,1538762400,70,-18.96,-57.8,87.8,4.7
471,Kindu,48,CD,1538765426,91,-2.95,25.92,72.77,2.37
472,Locri,40,IT,1538762100,83,38.24,16.26,73.4,8.05
473,Nueva Germania,44,PY,1538765431,60,-23.91,-56.7,76.64,6.29
474,Itarema,24,BR,1538765433,60,-2.92,-39.92,87.62,16.58
475,Tisovec,0,SK,1538764200,93,48.68,19.94,46.4,1.12
476,Walvis Bay,75,NA,1538762400,87,-22.95,14.51,57.2,5.82
477,Libertador General San Martin,40,AR,1538762400,26,-23.81,-64.79,78.8,8.05
478,Berdigestyakh,48,RU,1538765444,85,62.1,126.7,26.87,3.38
479,Batemans Bay,92,AU,1538765446,97,-35.71,150.18,53.51,5.61
480,Waipawa,92,NZ,1538765448,88,-39.94,176.59,45.59,3.6
481,Naryan-Mar,0,RU,1538765450,100,67.67,53.09,32.18,9.42
482,Taunggyi,68,MM,1538765452,100,20.78,97.03,64.67,2.48
483,Ridgeland,1,US,1538764500,49,32.48,-80.98,91.94,2.71
484,Buala,12,SB,1538765458,98,-8.15,159.59,79.79,7.96
485,Shieli,0,KZ,1538765462,50,44.18,66.74,57.38,4.94
486,Lasa,20,CY,1538764200,64,34.92,32.53,78.8,5.82
487,Oranjestad,20,AW,1538762400,83,12.52,-70.03,80.6,6.93
488,Lazaro Cardenas,5,MX,1538761260,37,28.39,-105.62,84.2,5.82
489,Sorland,75,NO,1538761800,93,67.67,12.69,44.6,6.93
490,Veraval,0,FR,1538764200,67,49.65,0.71,60.8,8.05
491,Tefe,40,BR,1538762400,59,-3.35,-64.71,93.2,11.41
492,Katobu,0,ID,1538765477,99,-4.94,122.53,78.89,5.17
493,Ugoofaaru,88,MV,1538765481,100,5.67,73.0,79.97,22.28
494,Bluefield,90,US,1538763300,84,37.27,-81.22,79.16,4.7
495,Tortoli,40,IT,1538762100,82,39.93,9.66,64.4,3.36
496,Rimbey,75,CA,1538762400,52,52.64,-114.24,41.0,4.38
497,Oda,20,JP,1538765494,88,35.19,132.5,76.37,14.23
498,Kaitong,56,CN,1538765496,41,44.81,123.15,49.82,7.96
499,Sola,75,FI,1538763600,93,62.78,29.36,42.8,8.05
500,Eirunepe,68,BR,1538765501,65,-6.66,-69.87,88.61,2.93
501,Nador,0,MA,1538764200,78,35.17,-2.93,73.4,6.93
502,Barabinsk,0,RU,1538765505,50,55.35,78.35,50.81,10.76
503,Mangaratiba,90,BR,1538762400,64,-22.96,-44.04,73.4,8.05
504,Bonthe,56,SL,1538765510,91,7.53,-12.5,80.51,3.04
505,Atar,80,MR,1538765512,16,20.52,-13.05,99.86,3.94
506,Valdivia,0,CL,1538762400,55,-39.81,-73.25,66.2,2.24
507,Abay,0,KZ,1538762400,64,49.63,72.87,37.4,6.71
508,Guerrero Negro,0,MX,1538765521,65,27.97,-114.04,75.56,13.67
509,Mutoko,12,ZW,1538765523,49,-17.4,32.23,70.79,7.74
510,Anadyr,40,RU,1538762400,81,64.73,177.51,46.4,26.84
511,Buritizeiro,24,BR,1538765528,27,-17.37,-44.96,96.44,7.29
512,Socorro,0,PH,1538765530,100,13.06,121.41,72.05,2.93
513,Touros,20,BR,1538765337,68,-5.2,-35.46,83.39,15.01
514,Svay Rieng,76,KH,1538765534,96,11.08,105.8,76.64,1.59
515,Teacapan,0,MX,1538765536,61,22.54,-105.74,89.69,2.93
516,Lorengau,0,PG,1538765538,100,-2.02,147.27,82.04,5.06
517,Coruripe,36,BR,1538765541,90,-10.12,-36.18,80.24,13.33
518,Batsfjord,75,NO,1538763600,100,70.63,29.72,33.8,4.7
519,Worthington,90,US,1538763300,89,43.62,-95.6,50.0,9.17
520,Tuni,40,BO,1538762400,62,-16.67,-68.14,51.8,4.7
521,Salalah,40,OM,1538761800,88,17.01,54.1,78.8,2.24
522,Kovylkino,44,RU,1538765554,70,54.04,43.91,37.67,10.76
523,Virginia Beach,75,US,1538764140,70,36.85,-75.98,91.04,11.41
524,Vincennes,75,US,1538763300,81,38.68,-87.53,87.8,5.82
525,Dongzhen,56,CN,1538765560,86,43.33,129.73,40.01,2.15
526,Dauriya,80,RU,1538765562,71,49.93,116.85,36.59,9.75
527,Cayenne,0,GF,1538762400,55,4.94,-52.33,91.4,10.29
528,Truckee,75,US,1538763900,87,39.33,-120.18,55.94,3.04
529,Masaka,0,UG,1538765573,97,-0.34,31.75,72.59,7.4
530,Gizo,40,IL,1538763600,69,31.8,34.94,78.8,2.24
531,Zhoucheng,0,CN,1538765579,81,31.35,119.33,58.46,8.08
532,Dunedin,8,NZ,1538765582,89,-45.87,170.5,29.75,2.71
533,Batticaloa,88,LK,1538765584,100,7.71,81.69,76.37,3.04
534,Do Gonbadan,0,IR,1538762400,16,30.36,50.8,78.8,1.25
535,Saint-Denis,0,FR,1538764200,55,48.94,2.36,68.0,3.36
536,Tarpon Springs,75,US,1538764500,52,28.15,-82.76,91.4,4.7
537,Rocha,0,UY,1538765595,57,-34.48,-54.34,60.35,10.54
538,Krasnozatonskiy,75,RU,1538762400,100,61.68,50.98,37.4,6.71
539,Kokoda,32,PG,1538765599,99,-8.88,147.74,59.09,0.36
540,Verkhoyansk,80,RU,1538765602,98,67.55,133.39,23.18,2.59
541,Abu Samrah,36,SY,1538765604,38,35.3,37.18,75.2,8.63
542,Luganville,68,VU,1538765606,100,-15.51,167.18,78.35,10.42
543,Vanino,8,RU,1538765610,68,53.93,40.55,37.04,9.31
544,Barreiras,56,BR,1538765612,31,-12.14,-45.0,94.73,5.28
545,Chegdomyn,0,RU,1538765614,86,51.13,133.04,37.67,3.27
546,Tevaitoa,36,PF,1538765617,100,-16.78,-151.5,77.72,12.44
547,Huilong,0,CN,1538765619,78,28.89,110.18,50.09,2.15
548,Prince Rupert,1,CA,1538762400,71,54.32,-130.32,51.8,2.24
549,Eregli,0,TR,1538765625,70,37.51,34.05,52.07,1.59
